{
  "best_metric": 0.10371337831020355,
  "best_model_checkpoint": "./results/checkpoint-175",
  "epoch": 0.064,
  "eval_steps": 25,
  "global_step": 200,
  "is_hyper_param_search": false,
  "is_local_process_zero": true,
  "is_world_process_zero": true,
  "log_history": [
    {
      "epoch": 0.0032,
      "grad_norm": 58.81959533691406,
      "learning_rate": 9.8e-05,
      "loss": 1.2967,
      "step": 10
    },
    {
      "epoch": 0.0064,
      "grad_norm": 65.4955062866211,
      "learning_rate": 9.6e-05,
      "loss": 0.9199,
      "step": 20
    },
    {
      "epoch": 0.008,
      "eval_accuracy": 0.66,
      "eval_loss": 0.7149999737739563,
      "eval_runtime": 55.8911,
      "eval_samples_per_second": 3.578,
      "eval_steps_per_second": 0.233,
      "step": 25
    },
    {
      "epoch": 0.0096,
      "grad_norm": 59.23131561279297,
      "learning_rate": 9.4e-05,
      "loss": 0.7064,
      "step": 30
    },
    {
      "epoch": 0.0128,
      "grad_norm": 92.19723510742188,
      "learning_rate": 9.200000000000001e-05,
      "loss": 0.7545,
      "step": 40
    },
    {
      "epoch": 0.016,
      "grad_norm": 48.71187973022461,
      "learning_rate": 9e-05,
      "loss": 0.5405,
      "step": 50
    },
    {
      "epoch": 0.016,
      "eval_accuracy": 0.765,
      "eval_loss": 0.5639452934265137,
      "eval_runtime": 55.8167,
      "eval_samples_per_second": 3.583,
      "eval_steps_per_second": 0.233,
      "step": 50
    },
    {
      "epoch": 0.0192,
      "grad_norm": 72.10493469238281,
      "learning_rate": 8.800000000000001e-05,
      "loss": 0.5024,
      "step": 60
    },
    {
      "epoch": 0.0224,
      "grad_norm": 40.834678649902344,
      "learning_rate": 8.6e-05,
      "loss": 0.4158,
      "step": 70
    },
    {
      "epoch": 0.024,
      "eval_accuracy": 0.835,
      "eval_loss": 0.4534863233566284,
      "eval_runtime": 55.8543,
      "eval_samples_per_second": 3.581,
      "eval_steps_per_second": 0.233,
      "step": 75
    },
    {
      "epoch": 0.0256,
      "grad_norm": 41.45021438598633,
      "learning_rate": 8.4e-05,
      "loss": 0.3436,
      "step": 80
    },
    {
      "epoch": 0.0288,
      "grad_norm": 51.34252166748047,
      "learning_rate": 8.2e-05,
      "loss": 0.4394,
      "step": 90
    },
    {
      "epoch": 0.032,
      "grad_norm": 29.94645881652832,
      "learning_rate": 8e-05,
      "loss": 0.3299,
      "step": 100
    },
    {
      "epoch": 0.032,
      "eval_accuracy": 0.875,
      "eval_loss": 0.37388914823532104,
      "eval_runtime": 55.7849,
      "eval_samples_per_second": 3.585,
      "eval_steps_per_second": 0.233,
      "step": 100
    },
    {
      "epoch": 0.0352,
      "grad_norm": 60.57302474975586,
      "learning_rate": 7.800000000000001e-05,
      "loss": 0.4343,
      "step": 110
    },
    {
      "epoch": 0.0384,
      "grad_norm": 77.95220947265625,
      "learning_rate": 7.6e-05,
      "loss": 0.2753,
      "step": 120
    },
    {
      "epoch": 0.04,
      "eval_accuracy": 0.89,
      "eval_loss": 0.2564941346645355,
      "eval_runtime": 55.8484,
      "eval_samples_per_second": 3.581,
      "eval_steps_per_second": 0.233,
      "step": 125
    },
    {
      "epoch": 0.0416,
      "grad_norm": 86.38953399658203,
      "learning_rate": 7.4e-05,
      "loss": 0.3077,
      "step": 130
    },
    {
      "epoch": 0.0448,
      "grad_norm": 38.213584899902344,
      "learning_rate": 7.2e-05,
      "loss": 0.2232,
      "step": 140
    },
    {
      "epoch": 0.048,
      "grad_norm": 56.79770278930664,
      "learning_rate": 7e-05,
      "loss": 0.1446,
      "step": 150
    },
    {
      "epoch": 0.048,
      "eval_accuracy": 0.925,
      "eval_loss": 0.1788671910762787,
      "eval_runtime": 55.6541,
      "eval_samples_per_second": 3.594,
      "eval_steps_per_second": 0.234,
      "step": 150
    },
    {
      "epoch": 0.0512,
      "grad_norm": 11.825003623962402,
      "learning_rate": 6.800000000000001e-05,
      "loss": 0.1857,
      "step": 160
    },
    {
      "epoch": 0.0544,
      "grad_norm": 29.262121200561523,
      "learning_rate": 6.6e-05,
      "loss": 0.1061,
      "step": 170
    },
    {
      "epoch": 0.056,
      "eval_accuracy": 0.95,
      "eval_loss": 0.10371337831020355,
      "eval_runtime": 56.0564,
      "eval_samples_per_second": 3.568,
      "eval_steps_per_second": 0.232,
      "step": 175
    },
    {
      "epoch": 0.0576,
      "grad_norm": 6.529412269592285,
      "learning_rate": 6.400000000000001e-05,
      "loss": 0.107,
      "step": 180
    },
    {
      "epoch": 0.0608,
      "grad_norm": 35.65997314453125,
      "learning_rate": 6.2e-05,
      "loss": 0.0896,
      "step": 190
    },
    {
      "epoch": 0.064,
      "grad_norm": 53.43587875366211,
      "learning_rate": 6e-05,
      "loss": 0.1347,
      "step": 200
    },
    {
      "epoch": 0.064,
      "eval_accuracy": 0.935,
      "eval_loss": 0.16579346358776093,
      "eval_runtime": 55.7107,
      "eval_samples_per_second": 3.59,
      "eval_steps_per_second": 0.233,
      "step": 200
    }
  ],
  "logging_steps": 10,
  "max_steps": 500,
  "num_input_tokens_seen": 0,
  "num_train_epochs": 1,
  "save_steps": 50,
  "stateful_callbacks": {
    "TrainerControl": {
      "args": {
        "should_epoch_stop": false,
        "should_evaluate": false,
        "should_log": false,
        "should_save": true,
        "should_training_stop": false
      },
      "attributes": {}
    }
  },
  "total_flos": 1.91497425125376e+16,
  "train_batch_size": 8,
  "trial_name": null,
  "trial_params": null
}
