{
  "best_metric": 0.37388914823532104,
  "best_model_checkpoint": "./results/checkpoint-100",
  "epoch": 0.032,
  "eval_steps": 25,
  "global_step": 100,
  "is_hyper_param_search": false,
  "is_local_process_zero": true,
  "is_world_process_zero": true,
  "log_history": [
    {
      "epoch": 0.0032,
      "grad_norm": 58.81959533691406,
      "learning_rate": 9.8e-05,
      "loss": 1.2967,
      "step": 10
    },
    {
      "epoch": 0.0064,
      "grad_norm": 65.4955062866211,
      "learning_rate": 9.6e-05,
      "loss": 0.9199,
      "step": 20
    },
    {
      "epoch": 0.008,
      "eval_accuracy": 0.66,
      "eval_loss": 0.7149999737739563,
      "eval_runtime": 55.8911,
      "eval_samples_per_second": 3.578,
      "eval_steps_per_second": 0.233,
      "step": 25
    },
    {
      "epoch": 0.0096,
      "grad_norm": 59.23131561279297,
      "learning_rate": 9.4e-05,
      "loss": 0.7064,
      "step": 30
    },
    {
      "epoch": 0.0128,
      "grad_norm": 92.19723510742188,
      "learning_rate": 9.200000000000001e-05,
      "loss": 0.7545,
      "step": 40
    },
    {
      "epoch": 0.016,
      "grad_norm": 48.71187973022461,
      "learning_rate": 9e-05,
      "loss": 0.5405,
      "step": 50
    },
    {
      "epoch": 0.016,
      "eval_accuracy": 0.765,
      "eval_loss": 0.5639452934265137,
      "eval_runtime": 55.8167,
      "eval_samples_per_second": 3.583,
      "eval_steps_per_second": 0.233,
      "step": 50
    },
    {
      "epoch": 0.0192,
      "grad_norm": 72.10493469238281,
      "learning_rate": 8.800000000000001e-05,
      "loss": 0.5024,
      "step": 60
    },
    {
      "epoch": 0.0224,
      "grad_norm": 40.834678649902344,
      "learning_rate": 8.6e-05,
      "loss": 0.4158,
      "step": 70
    },
    {
      "epoch": 0.024,
      "eval_accuracy": 0.835,
      "eval_loss": 0.4534863233566284,
      "eval_runtime": 55.8543,
      "eval_samples_per_second": 3.581,
      "eval_steps_per_second": 0.233,
      "step": 75
    },
    {
      "epoch": 0.0256,
      "grad_norm": 41.45021438598633,
      "learning_rate": 8.4e-05,
      "loss": 0.3436,
      "step": 80
    },
    {
      "epoch": 0.0288,
      "grad_norm": 51.34252166748047,
      "learning_rate": 8.2e-05,
      "loss": 0.4394,
      "step": 90
    },
    {
      "epoch": 0.032,
      "grad_norm": 29.94645881652832,
      "learning_rate": 8e-05,
      "loss": 0.3299,
      "step": 100
    },
    {
      "epoch": 0.032,
      "eval_accuracy": 0.875,
      "eval_loss": 0.37388914823532104,
      "eval_runtime": 55.7849,
      "eval_samples_per_second": 3.585,
      "eval_steps_per_second": 0.233,
      "step": 100
    }
  ],
  "logging_steps": 10,
  "max_steps": 500,
  "num_input_tokens_seen": 0,
  "num_train_epochs": 1,
  "save_steps": 50,
  "stateful_callbacks": {
    "TrainerControl": {
      "args": {
        "should_epoch_stop": false,
        "should_evaluate": false,
        "should_log": false,
        "should_save": true,
        "should_training_stop": false
      },
      "attributes": {}
    }
  },
  "total_flos": 9574871256268800.0,
  "train_batch_size": 8,
  "trial_name": null,
  "trial_params": null
}
